{"cameraMode":{"drawMode":0,"name":"Shaded","section":"Shading Mode"},"sceneLighting":true,"audioPlay":false,"sceneViewState":{"showFog":true,"showMaterialUpdate":false,"showSkybox":true,"showFlares":true,"showImageEffects":true,"showParticleSystems":true},"in2DMode":false,"pivot":{"x":43.81476593017578,"y":-30.016132354736329,"z":-32.92167663574219},"rotation":{"x":-0.14248067140579225,"y":-0.8498150706291199,"z":0.2913685142993927,"w":-0.4155053198337555},"size":44.8172721862793,"orthographic":false}