{"cameraMode":{"drawMode":0,"name":"Shaded","section":"Shading Mode"},"sceneLighting":false,"audioPlay":false,"sceneViewState":{"showFog":true,"showMaterialUpdate":false,"showSkybox":false,"showFlares":true,"showImageEffects":true,"showParticleSystems":true},"in2DMode":false,"pivot":{"x":-0.8535689115524292,"y":0.9754399061203003,"z":0.07708263397216797},"rotation":{"x":0.10456143319606781,"y":0.5384621024131775,"z":-0.06755466759204865,"w":0.8334094285964966},"size":1.1445523500442505,"orthographic":false}