{"cameraMode":{"drawMode":0,"name":"Shaded","section":"Shading Mode"},"sceneLighting":true,"audioPlay":false,"sceneViewState":{"showFog":true,"showMaterialUpdate":false,"showSkybox":true,"showFlares":true,"showImageEffects":true,"showParticleSystems":true},"in2DMode":false,"pivot":{"x":8.398637771606446,"y":1.149145483970642,"z":9.416939735412598},"rotation":{"x":0.18117696046829225,"y":0.6816481947898865,"z":-0.1800883263349533,"w":0.6856889724731445},"size":3.3784565925598146,"orthographic":false}