{"cameraMode":{"drawMode":0,"name":"Shaded","section":"Shading Mode"},"sceneLighting":true,"audioPlay":false,"sceneViewState":{"showFog":true,"showMaterialUpdate":false,"showSkybox":true,"showFlares":true,"showImageEffects":true,"showParticleSystems":true},"in2DMode":false,"pivot":{"x":3.1281731128692629,"y":-87.36224365234375,"z":63.061126708984378},"rotation":{"x":-0.4777921736240387,"y":-0.022436026483774186,"z":0.01218249462544918,"w":-0.8781185746192932},"size":61.1512451171875,"orthographic":false}