{"cameraMode":{"drawMode":0,"name":"Shaded","section":"Shading Mode"},"sceneLighting":true,"audioPlay":false,"sceneViewState":{"showFog":true,"showMaterialUpdate":false,"showSkybox":true,"showFlares":true,"showImageEffects":true,"showParticleSystems":true},"in2DMode":false,"pivot":{"x":-1.296230673789978,"y":5.612436294555664,"z":5.17830753326416},"rotation":{"x":-0.14324216544628144,"y":-0.13961103558540345,"z":-0.020399462431669236,"w":0.9796149730682373},"size":3.3784565925598146,"orthographic":false}