{"cameraMode":{"drawMode":0,"name":"Shaded","section":"Shading Mode"},"sceneLighting":true,"audioPlay":false,"sceneViewState":{"showFog":true,"showMaterialUpdate":false,"showSkybox":true,"showFlares":true,"showImageEffects":true,"showParticleSystems":true},"in2DMode":false,"pivot":{"x":18.398754119873048,"y":-51.9900016784668,"z":199.7748565673828},"rotation":{"x":0.13478271663188935,"y":0.041050177067518237,"z":-0.005573031026870012,"w":0.9900298118591309},"size":103.6604232788086,"orthographic":false}