{"cameraMode":{"drawMode":0,"name":"Shaded","section":"Shading Mode"},"sceneLighting":false,"audioPlay":false,"sceneViewState":{"showFog":true,"showMaterialUpdate":false,"showSkybox":false,"showFlares":true,"showImageEffects":true,"showParticleSystems":true},"in2DMode":false,"pivot":{"x":-2.80422306060791,"y":1.0415338277816773,"z":8.189767837524414},"rotation":{"x":0.09759484976530075,"y":-0.7203733921051025,"z":0.10359462350606919,"w":0.6788586378097534},"size":3.3784568309783937,"orthographic":false}