{"cameraMode":{"drawMode":0,"name":"Shaded","section":"Shading Mode"},"sceneLighting":true,"audioPlay":false,"sceneViewState":{"showFog":true,"showMaterialUpdate":false,"showSkybox":true,"showFlares":true,"showImageEffects":true,"showParticleSystems":true},"in2DMode":false,"pivot":{"x":10.208123207092286,"y":-42.72901153564453,"z":46.122169494628909},"rotation":{"x":-0.39161375164985659,"y":-0.10731663554906845,"z":0.046019043773412707,"w":-0.9127073884010315},"size":37.278541564941409,"orthographic":false}