{"cameraMode":{"drawMode":0,"name":"Shaded","section":"Shading Mode"},"sceneLighting":true,"audioPlay":false,"sceneViewState":{"showFog":true,"showMaterialUpdate":false,"showSkybox":true,"showFlares":true,"showImageEffects":true,"showParticleSystems":true},"in2DMode":false,"pivot":{"x":116.2992935180664,"y":-161.81491088867188,"z":318.1767883300781},"rotation":{"x":0.2240845263004303,"y":0.17523571848869325,"z":-0.04096115380525589,"w":0.9578448534011841},"size":191.08511352539063,"orthographic":false}